<customapi uniquename="msft_Encrypt">
  <allowedcustomprocessingsteptype>0</allowedcustomprocessingsteptype>
  <bindingtype>0</bindingtype>
  <description default="Encrypt">
    <label description="Encrypt" languagecode="1033" />
  </description>
  <displayname default="Encrypt">
    <label description="Encrypt" languagecode="1033" />
  </displayname>
  <iscustomizable>1</iscustomizable>
  <isfunction>0</isfunction>
  <isprivate>0</isprivate>
  <name>Encrypt</name>
  <plugintypeid>
    <plugintypeexportkey>b6e96dc0-fa15-4ddc-bb78-d56a7857544a</plugintypeexportkey>
  </plugintypeid>
  <workflowsdkstepenabled>0</workflowsdkstepenabled>
</customapi>