<ImportExportXml xmlns:xsi="http://www.w3.org/2001/XMLSchema-instance">
  <Entities></Entities>
  <Roles></Roles>
  <Workflows></Workflows>
  <FieldSecurityProfiles></FieldSecurityProfiles>
  <Templates />
  <EntityMaps />
  <EntityRelationships />
  <OrganizationSettings />
  <optionsets />
  <CustomControls />
  <SolutionPluginAssemblies>
    <PluginAssembly FullName="Encryption, Version=1.0.0.0, Culture=neutral, PublicKeyToken=ffe0f84090087cdc" PluginAssemblyId="8d888f31-13c0-47c6-9450-5eed81ea3cb4" CustomizationLevel="1">
      <IsolationMode>2</IsolationMode>
      <SourceType>0</SourceType>
      <IntroducedVersion>1.0</IntroducedVersion>
      <FileName>/PluginAssemblies/Encryption-8D888F31-13C0-47C6-9450-5EED81EA3CB4/Encryption.dll</FileName>
      <PluginTypes>
        <PluginType AssemblyQualifiedName="Encryption.Decrypt, Encryption, Version=1.0.0.0, Culture=neutral, PublicKeyToken=ffe0f84090087cdc" PluginTypeId="be8de44a-ae37-4b36-a49c-809df722e48f" Name="Encryption.Decrypt">
          <FriendlyName>93283e8e-2f7c-4bfd-8897-2168757e2aea</FriendlyName>
        </PluginType>
        <PluginType AssemblyQualifiedName="Encryption.Encrypt, Encryption, Version=1.0.0.0, Culture=neutral, PublicKeyToken=ffe0f84090087cdc" PluginTypeId="b6e96dc0-fa15-4ddc-bb78-d56a7857544a" Name="Encryption.Encrypt">
          <FriendlyName>8a66e93c-a2f3-48c8-943e-2fbb05bdb6ea</FriendlyName>
        </PluginType>
      </PluginTypes>
    </PluginAssembly>
  </SolutionPluginAssemblies>
  <EntityDataProviders />
  <CanvasApps>
    <CanvasApp>
      <Name>msft_encryptiondemo_691ff</Name>
      <AppVersion>2024-02-15T15:47:34Z</AppVersion>
      <Status>Ready</Status>
      <CreatedByClientVersion>3.24015.12.0</CreatedByClientVersion>
      <MinClientVersion>3.24015.12.0</MinClientVersion>
      <Tags>{"primaryDeviceWidth":"1366","primaryDeviceHeight":"768","supportsPortrait":"true","supportsLandscape":"true","primaryFormFactor":"Tablet","showStatusBar":"false","publisherVersion":"3.24015.12","minimumRequiredApiVersion":"2.2.0","hasComponent":"false","hasUnlockedComponent":"false","isUnifiedRootApp":"false","offlineLargeFilesSupport":"false","sienaVersion":"20240215T154524Z-3.24015.12.0"}</Tags>
      <IsCdsUpgraded>0</IsCdsUpgraded>
      <GalleryItemId xsi:nil="true"></GalleryItemId>
      <BackgroundColor>RGBA(0,176,240,1)</BackgroundColor>
      <DisplayName>Encryption Demo</DisplayName>
      <Description xsi:nil="true"></Description>
      <CommitMessage xsi:nil="true"></CommitMessage>
      <Publisher xsi:nil="true"></Publisher>
      <AuthorizationReferences>[]</AuthorizationReferences>
      <ConnectionReferences>{}</ConnectionReferences>
      <DatabaseReferences>{"default.cds":{"databaseDetails":{"referenceType":"Environmental","environmentName":"default.cds","overrideValues":{"status":"NotSpecified","environmentVariableName":""}},"dataSources":{"environment_39a902ba":{"entitySetName":"Environment","logicalName":"environment_39a902ba"}}}}</DatabaseReferences>
      <AppComponents>[]</AppComponents>
      <AppComponentDependencies>[]</AppComponentDependencies>
      <CanConsumeAppPass>1</CanConsumeAppPass>
      <CanvasAppType>0</CanvasAppType>
      <BypassConsent>0</BypassConsent>
      <AdminControlBypassConsent>0</AdminControlBypassConsent>
      <EmbeddedApp xsi:nil="true"></EmbeddedApp>
      <IntroducedVersion>1.0</IntroducedVersion>
      <CdsDependencies>{"cdsdependencies":[]}</CdsDependencies>
      <IsCustomizable>1</IsCustomizable>
      <BackgroundImageUri>/CanvasApps/msft_encryptiondemo_691ff_BackgroundImageUri</BackgroundImageUri>
      <DocumentUri>/CanvasApps/msft_encryptiondemo_691ff_DocumentUri.msapp</DocumentUri>
      <AdditionalUris>
        <AdditionalUri>/CanvasApps/msft_encryptiondemo_691ff_AdditionalUris0_identity.json</AdditionalUri>
      </AdditionalUris>
    </CanvasApp>
  </CanvasApps>
  <Languages>
    <Language>1033</Language>
  </Languages>
</ImportExportXml>