<customapi uniquename="msft_Decrypt">
  <allowedcustomprocessingsteptype>0</allowedcustomprocessingsteptype>
  <bindingtype>0</bindingtype>
  <description default="Decrypt">
    <label description="Decrypt" languagecode="1033" />
  </description>
  <displayname default="Decrypt">
    <label description="Decrypt" languagecode="1033" />
  </displayname>
  <iscustomizable>1</iscustomizable>
  <isfunction>0</isfunction>
  <isprivate>0</isprivate>
  <name>Decrypt</name>
  <plugintypeid>
    <plugintypeexportkey>be8de44a-ae37-4b36-a49c-809df722e48f</plugintypeexportkey>
  </plugintypeid>
  <workflowsdkstepenabled>0</workflowsdkstepenabled>
</customapi>